{"cameraMode":{"drawMode":0,"name":"Shaded","section":"Shading Mode"},"sceneLighting":false,"audioPlay":false,"sceneViewState":{"m_AlwaysRefresh":false,"showFog":true,"showSkybox":false,"showFlares":true,"showImageEffects":true,"showParticleSystems":true,"showVisualEffectGraphs":true,"m_FxEnabled":true},"in2DMode":false,"pivot":{"x":0.9507321119308472,"y":0.7077251672744751,"z":0.028418809175491334},"rotation":{"x":0.3930568993091583,"y":-0.0729856789112091,"z":0.03131440281867981,"w":0.9160784482955933},"size":1.4072363376617432,"orthographic":false}