{"cameraMode":{"drawMode":0,"name":"Shaded","section":"Shading Mode"},"sceneLighting":true,"audioPlay":false,"sceneViewState":{"m_AlwaysRefresh":false,"showFog":true,"showSkybox":true,"showFlares":true,"showImageEffects":true,"showParticleSystems":true,"showVisualEffectGraphs":true,"m_FxEnabled":true},"in2DMode":false,"pivot":{"x":1200.2652587890625,"y":1207.1666259765625,"z":622.2006225585938},"rotation":{"x":0.24398431181907655,"y":-0.3916378915309906,"z":0.10851803421974182,"w":0.8805217742919922},"size":5.5938801765441898,"orthographic":false}